IdStringSearch;StringName
1;?random forests? AND ?data stream mining? AND ?ensemble classifier? AND ?non-stationary environments?
2;?random forests? AND ?data stream mining? AND ?ensemble classifier? AND ?online learning?
3;?random forests? AND ?data stream mining? AND ?ensemble classifier? AND ?change of concept?
4;?random forests? AND ?data stream mining? AND ?ensemble classifier? AND ?ensemble?
5;?random forests? AND ?data stream mining? AND ?ensemble classifier? AND ?concept drift?
6;?random forests? AND ?data stream mining? AND ?ensemble classifier? AND ?data stream?
7;?random forests? AND ?data stream mining? AND ?ensemble classifier? AND ?classification?
8;?random forests? AND ?data stream mining? AND ?ensemble classifier? AND ?data mining?
9;?random forests? AND ?data stream mining? AND ?non-stationary environments? AND ?online learning?
10;"?random forests? AND ?data stream mining? AND ?non-stationary environments? AND ""change of concept"""
11;"?random forests? AND ?data stream mining? AND ?non-stationary environments? AND ""ensemble"""
12;"?random forests? AND ?data stream mining? AND ?non-stationary environments? AND ""concept drift"""
13;"?random forests? AND ?data stream mining? AND ?non-stationary environments? AND ""data stream"""
14;"?random forests? AND ?data stream mining? AND ?non-stationary environments? AND ""classification"""
15;"?random forests? AND ?data stream mining? AND ?non-stationary environments? AND ""data mining"""
16;"""random forests? AND ""data stream mining? AND ""online learning"" AND ""change of concept"""
17;"""random forests? AND ""data stream mining? AND ""online learning"" AND ""ensemble"""
18;"""random forests? AND ""data stream mining? AND ""online learning"" AND ""concept drift"""
19;"""random forests? AND ""data stream mining? AND ""online learning"" AND ""data stream"""
20;"""random forests? AND ""data stream mining? AND ""online learning"" AND ""classification"""
21;"""random forests? AND ""data stream mining? AND ""online learning"" AND ""data mining"""
22;"""random forests? AND ""data stream mining? AND ""change of concept"" AND ""ensemble"""
23;"""random forests? AND ""data stream mining? AND ""change of concept"" AND ""concept drift"""
24;"""random forests? AND ""data stream mining? AND ""change of concept"" AND ""data stream"""
25;"""random forests? AND ""data stream mining? AND ""change of concept"" AND ""classification"""
26;"""random forests? AND ""data stream mining? AND ""change of concept"" AND ""data mining"""
27;"""random forests? AND ""data stream mining? AND ""ensemble"" AND ""concept drift"""
28;"""random forests? AND ""data stream mining? AND ""ensemble"" AND ""data stream"""
29;"""random forests? AND ""data stream mining? AND ""ensemble"" AND ""classification"""
30;"""random forests? AND ""data stream mining"" AND ""ensemble"" AND ""data mining"""
31;"""random forests? AND ""data stream mining"" AND ""concept drift"" AND ""data stream"""
32;"""random forests? AND ""data stream mining"" AND ""concept drift"" AND ""classification"""
33;"""random forests? AND ""data stream mining"" AND ""concept drift"" AND ""data mining"""
34;"""random forests? AND ""data stream mining"" AND ""data stream"" AND ""classification"""
35;"""random forests? AND ""data stream mining"" AND ""data stream"" AND ""data mining"""
36;"""random forests? AND ""data stream mining"" AND ""classification"" AND ""data mining"""
37;"""random forests? AND ""ensemble classifier"" AND ""non-stationary environments"" AND ""online learning"""
38;"""random forests? AND ""ensemble classifier"" AND ""non-stationary environments"" AND ""change of concept"""
39;"""random forests? AND ""ensemble classifier"" AND ""non-stationary environments"" AND ""ensemble"""
40;"""random forests? AND ""ensemble classifier"" AND ""non-stationary environments"" AND ""concept drift"""
41;"""random forests? AND ""ensemble classifier"" AND ""non-stationary environments"" AND ""data stream"""
42;"""random forests? AND ""ensemble classifier"" AND ""non-stationary environments"" AND ""classification"""
43;"""random forests? AND ""ensemble classifier"" AND ""non-stationary environments"" AND ""data mining"""
44;"""random forests? AND ""ensemble classifier"" AND ""online learning"" AND ""change of concept"""
45;"""random forests? AND ""ensemble classifier"" AND ""online learning"" AND ""ensemble"""
46;"""random forests? AND ""ensemble classifier"" AND ""online learning"" AND ""concept drift"""
47;"""random forests? AND ""ensemble classifier"" AND ""online learning"" AND ""data stream"""
48;"""random forests? AND ""ensemble classifier"" AND ""online learning"" AND ""classification"""
49;"""random forests? AND ""ensemble classifier"" AND ""online learning"" AND ""data mining"""
50;"""random forests? AND ""ensemble classifier"" AND ""change of concept"" AND ""online learning"""
51;"""random forests? AND ""ensemble classifier"" AND ""change of concept"" AND ""ensemble"""
52;"""random forests? AND ""ensemble classifier"" AND ""change of concept"" AND ""concept drift"""
53;"""random forests? AND ""ensemble classifier"" AND ""change of concept"" AND ""data stream"""
54;"""random forests? AND ""ensemble classifier"" AND ""change of concept"" AND ""classification"""
55;"""random forests? AND ""ensemble classifier"" AND ""change of concept"" AND ""data mining"""
56;"""random forests? AND ""ensemble classifier"" AND ""ensemble"" AND ""concept drift"""
57;"""random forests? AND ""ensemble classifier"" AND ""ensemble"" AND ""data stream"""
58;"""random forests? AND ""ensemble classifier"" AND ""ensemble"" AND ""classification"""
59;"""random forests? AND ""ensemble classifier"" AND ""ensemble"" AND ""data mining"""
60;"""random forests? AND ""ensemble classifier"" AND ""concept drift"" AND ""data stream"""
61;"""random forests? AND ""ensemble classifier"" AND ""concept drift"" AND ""classification"""
62;"""random forests? AND ""ensemble classifier"" AND ""concept drift"" AND ""data mining"""
63;"""random forests? AND ""ensemble classifier"" AND ""data stream"" AND ""classification"""
64;"""random forests? AND ""ensemble classifier"" AND ""data stream"" AND ""data mining"""
65;"""random forests? AND ""ensemble classifier"" AND ""classification"" AND ""data mining"""
66;"""random forests? AND ""non-stationary environments"" AND ""data stream mining"" AND ""online learning"""
67;"""random forests? AND ""non-stationary environments"" AND ""data stream mining"" AND ""change of concept"""
68;"""random forests? AND ""non-stationary environments"" AND ""data stream mining"" AND ""ensemble"""
69;"""random forests? AND ""non-stationary environments"" AND ""data stream mining"" AND ""concept drift"""
70;"""random forests? AND ""non-stationary environments"" AND ""data stream mining"" AND ""data stream"""
71;"""random forests? AND ""non-stationary environments"" AND ""data stream mining"" AND ""classification"""
72;"""random forests? AND ""non-stationary environments"" AND ""data stream mining"" AND ""data mining"""
73;"""random forests? AND ""non-stationary environments"" AND ""data stream mining"" AND ""data stream mining"""
74;"""random forests? AND ""non-stationary environments"" AND ""online learning"" AND ""change of concept"""
75;"""random forests? AND ""non-stationary environments"" AND ""online learning"" AND ""ensemble"""
76;"""random forests? AND ""non-stationary environments"" AND ""online learning"" AND ""concept drift"""
77;"""random forests? AND ""non-stationary environments"" AND ""online learning"" AND ""data stream"""
78;"""random forests? AND ""non-stationary environments"" AND ""online learning"" AND ""classification"""
79;"""random forests? AND ""non-stationary environments"" AND ""online learning"" AND ""data mining"""
80;"""random forests? AND ""non-stationary environments"" AND ""change of concept"" AND ""ensemble"""
81;"""random forests? AND ""non-stationary environments"" AND ""change of concept"" AND ""concept drift"""
82;"""random forests? AND ""non-stationary environments"" AND ""change of concept"" AND ""data stream"""
83;"""random forests? AND ""non-stationary environments"" AND ""change of concept"" AND ""classification"""
84;"""random forests? AND ""non-stationary environments"" AND ""change of concept"" AND ""data mining"""
85;"""random forests? AND ""non-stationary environments"" AND ""ensemble"" AND ""concept drift"""
86;"""random forests? AND ""non-stationary environments"" AND ""ensemble"" AND ""data stream"""
87;"""random forests? AND ""non-stationary environments"" AND ""ensemble"" AND ""classification"""
88;"""random forests? AND ""non-stationary environments"" AND ""ensemble"" AND ""data mining"""
89;"""random forests? AND ""non-stationary environments"" AND ""concept drift"" AND ""data stream"""
90;"""random forests? AND ""non-stationary environments"" AND ""concept drift"" AND ""classification"""
91;"""random forests? AND ""non-stationary environments"" AND ""concept drift"" AND ""data mining"""
92;"""random forests? AND ""non-stationary environments"" AND ""data stream"" AND ""classification"""
93;"""random forests? AND ""non-stationary environments"" AND ""data stream"" AND ""data mining"""
94;"""random forests? AND ""non-stationary environments"" AND ""classification"" AND ""data mining"""
95;"""random forests? AND ""online learning"" AND ""change of concept"" AND ""ensemble"""
96;"""random forests? AND ""online learning"" AND ""change of concept"" AND ""concept drift"""
97;"""random forests? AND ""online learning"" AND ""change of concept"" AND ""data stream"""
98;"""random forests? AND ""online learning"" AND ""change of concept"" AND ""classification"""
99;"""random forests? AND ""online learning"" AND ""change of concept"" AND ""data mining"""
100;"""random forests? AND ""online learning"" AND ""ensemble"" AND ""concept drift"""
101;"""random forests? AND ""online learning"" AND ""ensemble"" AND ""data stream"""
102;"""random forests? AND ""online learning"" AND ""ensemble"" AND ""classification"""
103;"""random forests? AND ""online learning"" AND ""ensemble"" AND ""data mining"""
104;"""random forests? AND ""online learning"" AND ""concept drift"" AND ""data stream"""
105;"""random forests? AND ""online learning"" AND ""concept drift"" AND ""classification"""
106;"""random forests? AND ""online learning"" AND ""concept drift"" AND ""data mining"""
107;"""random forests? AND ""online learning"" AND ""data stream"" AND ""classification"""
108;"""random forests? AND ""online learning"" AND ""data stream"" AND ""data mining"""
109;"""random forests? AND ""online learning"" AND ""classification"" AND ""data mining"""
110;"""random forests? AND ""change of concept"" AND ""ensemble"" AND ""concept drift"""
111;"""random forests? AND ""change of concept"" AND ""ensemble"" AND ""data stream"""
112;"""random forests? AND ""change of concept"" AND ""ensemble"" AND ""classification"""
113;"""random forests? AND ""change of concept"" AND ""ensemble"" AND ""data mining"""
114;"""random forests? AND ""change of concept"" AND ""concept drift"" AND ""data stream"""
115;"""random forests? AND ""change of concept"" AND ""concept drift"" AND ""classification"""
116;"""random forests? AND ""change of concept"" AND ""concept drift"" AND ""data mining"""
117;"""random forests? AND ""change of concept"" AND ""data stream"" AND ""classification"""
118;"""random forests? AND ""change of concept"" AND ""data stream"" AND ""data mining"""
119;"""random forests? AND ""change of concept"" AND ""classification"" AND ""data mining"""
120;"""random forests? AND ""ensemble"" AND ""concept drift"" AND ""data stream"""
121;"""random forests? AND ""ensemble"" AND ""concept drift"" AND ""classification"""
122;"""random forests? AND ""ensemble"" AND ""data stream"" AND ""classification"""
123;"""random forests? AND ""ensemble"" AND ""data stream"" AND ""data mining"""
124;"""random forests? AND ""ensemble"" AND ""classification"" AND ""data mining"""
125;"""random forests? AND ""ensemble"" AND ""data mining"" AND ""concept drift"""
126;"""random forests? AND ""concept drift"" AND ""data stream"" AND ""classification"""
127;"""random forests? AND ""concept drift"" AND ""data stream"" AND ""data mining"""
128;"""random forests? AND ""concept drift"" AND ""classification"" AND ""data mining"""
129;"""random forests? AND ""data stream"" AND ""classification"" AND ""data mining"""
130;"""random forests? AND ""classification"" AND ""data mining"" AND ""data stream"""
131;"""random forests? AND ""ensemble"" AND ""concept drift"" AND ""data mining"""
